date_time,User,Response
2/1/2021 10:36:15,Watson,Yes
2/1/2021 14:31:09,Sam H,Yes
2/1/2021 20:34:23,Ewan,Yes
2/1/2021 20:46:46,Matthew,Yes
2/1/2021 21:40:03,Sam J,Yes
2/1/2021 21:52:08,Keith,Yes
2/1/2021 23:00:53,Rusty,Yes
2/2/2021 12:05:10,Watson,Yes
2/2/2021 19:13:36,Matthew,Yes
2/2/2021 19:14:47,Sam H,Yes
2/2/2021 19:57:28,Keith,Yes
2/2/2021 20:01:27,Ewan,Yes
2/2/2021 20:58:57,Rusty,Yes
2/2/2021 21:36:04,Sam J,Yes
2/2/2021 22:27:08,Darnell,Yes
2/3/2021 10:12:13,Watson,Yes
2/3/2021 13:38:11,Sam H,Yes
2/3/2021 18:11:05,Rusty,Yes
2/3/2021 19:47:35,Keith,Yes
2/3/2021 21:12:50,Darnell,Yes
2/3/2021 21:29:27,Ewan,Yes
2/3/2021 22:07:51,Sam J,Yes
2/4/2021 7:40:41,Watson,Yes
2/4/2021 18:31:23,Sam H,Yes
2/4/2021 19:22:38,Keith,Yes
2/4/2021 20:10:50,Rusty,Yes
2/4/2021 21:32:03,Matthew,Yes
2/4/2021 21:50:15,Sam J,Yes
2/4/2021 22:11:20,Ewan,Yes
2/5/2021 10:13:21,Watson,Yes
2/5/2021 17:06:04,Sam H,Yes
2/5/2021 20:24:02,Ewan,Yes
2/5/2021 20:24:12,Keith,Yes
2/5/2021 22:48:16,Sam J,Yes
2/6/2021 8:36:18,Watson,Yes
2/6/2021 16:26:00,Sam H,Yes
2/6/2021 16:54:36,Buskie,Yes
2/6/2021 16:58:05,Rusty,Yes
2/6/2021 17:31:58,Matthew,Yes
2/6/2021 17:37:11,Ewan,Yes
2/6/2021 19:16:42,Sam J,Yes
2/6/2021 22:23:32,Keith,Yes
2/7/2021 2:33:56,Buskie,Yes
2/7/2021 12:13:08,Watson,Yes
2/7/2021 12:50:36,Matthew,Yes
2/7/2021 13:01:03,Sam H,Yes
2/7/2021 16:28:13,Rusty,Yes
2/7/2021 16:40:11,Darnell,Yes
2/7/2021 17:09:12,Sam J,Yes
2/7/2021 17:20:41,Ewan,Yes
2/8/2021 5:39:50,Buskie,Yes
2/8/2021 11:52:28,Watson,Yes
2/8/2021 17:42:03,Sam H,Yes
2/8/2021 17:58:58,Ewan,Yes
2/8/2021 20:05:23,Matthew,Yes
2/8/2021 22:23:14,Sam J,Yes
2/8/2021 22:28:47,Keith,Yes
2/9/2021 9:12:50,Watson,Yes
2/9/2021 19:51:02,Keith,Yes
2/9/2021 19:51:28,Sam H,Yes
2/9/2021 20:12:15,Rusty,Yes
2/9/2021 20:22:31,Ewan,Yes
2/9/2021 21:18:47,Matthew,Yes
2/9/2021 22:59:41,Sam J,Yes
2/9/2021 23:00:10,Sam J,Yes
2/10/2021 9:58:52,Watson,Yes
2/10/2021 18:17:38,Ewan,Yes
2/10/2021 18:37:06,Keith,Yes
2/10/2021 20:29:55,Sam J,Yes
2/10/2021 20:41:58,Sam H,Yes
2/10/2021 22:27:41,Matthew,Yes
2/11/2021 11:40:58,Watson,Yes
2/11/2021 14:36:50,Rusty,Yes
2/11/2021 16:26:51,Keith,Yes
2/11/2021 18:34:34,Sam J,Yes
2/11/2021 19:31:59,Sam H,Yes
2/11/2021 20:57:44,Ewan,Yes
2/11/2021 21:21:49,Ewan,Yes
2/12/2021 13:24:30,Watson,Yes
2/12/2021 15:42:39,Darnell,Yes
2/12/2021 16:58:57,Matthew,Yes
2/12/2021 18:37:45,Keith,Yes
2/12/2021 20:22:06,Sam J,Yes
2/12/2021 20:22:16,Sam J,Yes
2/12/2021 20:22:18,Sam J,Yes
2/12/2021 21:45:23,Ewan,Yes
2/13/2021 12:00:16,Watson,Yes
2/13/2021 12:59:15,Sam J,Yes
2/13/2021 17:01:12,Sam H,Yes
2/13/2021 17:04:43,Rusty,Yes
2/13/2021 17:07:47,Keith,Yes
2/13/2021 17:28:39,Darnell,Yes
2/13/2021 18:24:45,Darnell,Yes
2/13/2021 19:40:55,Ewan,Yes
2/13/2021 22:35:08,Matthew,Yes
2/13/2021 22:55:27,Stirling,Yes
2/14/2021 0:26:25,Stirling,Yes
2/14/2021 12:04:27,Watson,Yes
2/14/2021 12:56:52,Ewan,Yes
2/14/2021 15:12:27,Sam J,Yes
2/14/2021 16:46:07,Rusty,Yes
2/14/2021 19:30:20,Matthew,Yes
2/14/2021 22:22:12,Sam H,Yes
2/15/2021 4:18:59,Buskie,Yes
2/15/2021 10:53:43,Watson,Yes
2/15/2021 15:39:16,Sam J,Yes
2/15/2021 18:03:13,Sam J,Yes
2/15/2021 18:03:19,Sam J,Yes
2/15/2021 21:13:13,Matthew,Yes
2/15/2021 21:49:17,Sam H,Yes
2/15/2021 22:01:27,Keith,Yes
2/15/2021 22:11:11,Ewan,Yes
2/15/2021 23:44:43,Rusty,Yes
2/16/2021 12:02:23,Watson,Yes
2/16/2021 18:06:05,Keith,Yes
2/16/2021 21:08:49,Sam J,Yes
2/16/2021 22:48:52,Matthew,Yes
2/16/2021 22:51:35,Ewan,Yes
2/16/2021 22:54:47,Sam H,Yes
2/17/2021 0:24:01,Rusty,Yes
2/17/2021 2:50:41,Buskie,Yes
2/17/2021 12:14:45,Watson,Yes
2/17/2021 18:42:29,Rusty,Yes
2/17/2021 21:32:41,Keith,Yes
2/17/2021 22:50:55,Sam J,Yes
2/17/2021 22:56:42,Ewan,Yes
2/17/2021 23:16:07,Sam H,Yes
2/18/2021 0:03:50,Matthew,Yes
2/18/2021 10:10:56,Watson,Yes
2/18/2021 21:21:24,Rusty,Yes
2/18/2021 21:22:15,Matthew,Yes
2/18/2021 21:33:37,Sam H,Yes
2/18/2021 21:33:40,Ewan,Yes
2/18/2021 21:33:47,Ewan,Yes
2/18/2021 22:03:38,Keith,Yes
2/18/2021 22:04:47,Ewan,Yes
2/18/2021 22:34:39,Sam J,Yes
2/19/2021 11:42:04,Watson,Yes
2/19/2021 16:43:23,Sam H,Yes
2/19/2021 17:21:42,Keith,Yes
2/19/2021 21:58:42,Matthew,Yes
2/19/2021 22:00:36,Ewan,Yes
2/19/2021 22:00:51,Ewan,Yes
2/19/2021 22:52:25,Sam J,Yes
2/19/2021 23:01:52,Rusty,Yes
2/20/2021 2:26:52,Buskie,Yes
2/20/2021 12:46:57,Watson,Yes
2/20/2021 14:20:05,Sam J,Yes
2/20/2021 14:20:08,Sam J,Yes
2/20/2021 14:20:09,Sam J,Yes
2/20/2021 15:29:13,Matthew,Yes
2/20/2021 18:35:15,Keith,Yes
2/20/2021 20:51:27,Rusty,Yes
2/20/2021 21:12:31,Ewan,Yes
2/20/2021 21:35:33,Sam H,Yes
2/20/2021 21:35:35,Sam H,Yes
2/21/2021 11:22:18,Watson,Yes
2/21/2021 17:55:05,Sam J,Yes
2/21/2021 18:45:52,Rusty,Yes
2/21/2021 19:26:18,Sam H,Yes
2/21/2021 19:27:18,Matthew,Yes
2/21/2021 19:39:45,Ewan,Yes
2/21/2021 19:39:57,Ewan,Yes
2/21/2021 19:40:03,Darnell,Yes
2/21/2021 23:19:17,Keith,Yes
2/22/2021 1:33:02,Buskie,Yes
2/22/2021 11:04:49,Watson,Yes
2/22/2021 18:00:17,Keith,Yes
2/22/2021 19:31:18,Sam H,Yes
2/22/2021 19:53:32,Stirling,Yes
2/22/2021 21:01:14,Darnell,Yes
2/22/2021 21:47:40,Rusty,Yes
2/22/2021 22:38:13,Matthew,Yes
2/22/2021 22:38:32,Sam J,Yes
2/22/2021 22:38:57,Ewan,Yes
2/22/2021 22:39:04,Ewan,Yes
2/23/2021 11:22:41,Watson,Yes
2/23/2021 18:32:29,Sam H,Yes
2/23/2021 21:39:36,Ewan,Yes
2/23/2021 21:39:45,Ewan,Yes
2/23/2021 21:40:01,Stirling,Yes
2/23/2021 21:41:26,Keith,Yes
2/23/2021 22:23:12,Matthew,Yes
2/23/2021 22:57:23,Sam J,Yes
2/23/2021 22:57:27,Sam J,Yes
2/23/2021 22:57:27,Sam J,Yes
2/23/2021 23:13:39,Rusty,Yes
2/24/2021 1:55:54,Buskie,Yes
2/24/2021 9:19:17,Stirling,Yes
2/24/2021 13:00:24,Watson,Yes
2/24/2021 18:43:34,Darnell,Yes
2/24/2021 19:15:29,Keith,Yes
2/24/2021 20:49:44,Rusty,Yes
2/24/2021 21:53:27,Matthew,Yes
2/24/2021 21:53:42,Ewan,Yes
2/24/2021 22:10:52,Sam H,Yes
2/24/2021 22:46:09,Sam J,Yes
2/25/2021 0:27:27,Buskie,Yes
2/25/2021 12:42:43,Watson,Yes
2/25/2021 13:51:22,Ewan,Yes
2/25/2021 16:24:47,Ewan,Yes
2/25/2021 16:25:03,Ewan,Yes
2/25/2021 16:47:25,Sam H,Yes
2/25/2021 17:24:07,Keith,Yes
2/25/2021 22:55:36,Matthew,Yes
2/25/2021 22:57:09,Stirling,Yes
2/25/2021 22:58:17,Rusty,Yes
2/25/2021 23:03:53,Sam J,Yes
2/26/2021 13:12:21,Watson,Yes
2/26/2021 13:40:22,Stirling,Yes
2/26/2021 16:26:08,Darnell,Yes
2/26/2021 17:15:50,Keith,Yes
2/26/2021 18:21:48,Sam J,Yes
2/26/2021 20:46:22,Rusty,Yes
2/26/2021 21:08:44,Sam H,Yes
2/26/2021 21:08:47,Sam H,Yes
2/26/2021 21:51:20,Ewan,Yes
2/26/2021 21:54:24,Stirling,Yes
2/26/2021 22:50:55,Matthew,Yes
2/27/2021 10:18:01,Stirling,Yes
2/27/2021 11:48:16,Watson,Yes
2/27/2021 11:48:29,Watson,Yes
2/27/2021 16:42:00,Rusty,Yes
2/27/2021 16:53:03,Darnell,Yes
2/27/2021 19:39:51,Matthew,Yes
2/27/2021 19:43:36,Ewan,Yes
2/27/2021 20:11:12,Sam H,Yes
2/27/2021 21:22:03,Buskie,Yes
2/28/2021 1:12:25,Keith,Yes
2/28/2021 11:01:50,Watson,Yes
2/28/2021 19:18:26,Rusty,Yes
2/28/2021 19:35:22,Ewan,Yes
2/28/2021 19:35:36,Ewan,Yes
2/28/2021 19:35:37,Ewan,Yes
2/28/2021 21:19:43,Matthew,Yes
2/28/2021 22:08:58,Sam J,Yes
2/28/2021 22:13:14,Sam H,Yes
2/28/2021 23:50:11,Buskie,Yes
3/1/2021 0:18:23,Keith,Yes
3/1/2021 11:56:11,Watson,Yes
3/1/2021 20:20:12,Keith,Yes
3/1/2021 20:47:44,Rusty,Yes
3/1/2021 22:11:09,Matthew,Yes
3/1/2021 22:12:05,Stirling,Yes
3/1/2021 22:13:27,Ewan,Yes
3/1/2021 22:38:03,Sam H,Yes
3/2/2021 4:59:47,Buskie,Yes
3/2/2021 11:05:17,Watson,Yes
3/2/2021 18:50:08,Sam J,Yes
3/2/2021 19:39:21,Sam H,Yes
3/2/2021 19:44:09,Stirling,Yes
3/2/2021 20:33:55,Rusty,Yes
3/2/2021 20:35:03,Ewan,Yes
3/2/2021 21:36:52,Keith,Yes
3/2/2021 22:43:14,Matthew,Yes
3/3/2021 4:56:44,Buskie,Yes
3/3/2021 12:26:33,Watson,Yes
3/3/2021 17:59:50,Rusty,Yes
3/3/2021 19:30:56,Darnell,Yes
3/3/2021 21:21:10,Sam H,Yes
3/3/2021 21:25:27,Ewan,Yes
3/3/2021 22:57:02,Matthew,Yes
3/3/2021 22:57:16,Keith,Yes
3/4/2021 11:29:05,Watson,Yes
3/4/2021 17:33:18,Darnell,Yes
3/4/2021 21:11:01,Darnell,Yes
3/4/2021 21:19:09,Ewan,Yes
3/4/2021 21:25:18,Sam H,Yes
3/4/2021 21:46:21,Keith,Yes
3/4/2021 21:54:33,Matthew,Yes
3/4/2021 22:27:04,Rusty,Yes
3/5/2021 18:59:20,Sam H,Yes
3/5/2021 18:59:24,Sam H,Yes
3/5/2021 19:44:26,Rusty,Yes
3/5/2021 20:23:13,Ewan,Yes
3/5/2021 23:01:19,Matthew,Yes
3/5/2021 23:06:23,Sam J,Yes
3/5/2021 23:15:17,Keith,Yes
3/5/2021 23:25:20,Sam J,Yes
3/6/2021 2:06:39,Buskie,Yes
3/6/2021 10:28:29,Watson,Yes
3/6/2021 11:22:20,Rusty,Yes
3/6/2021 16:59:51,Keith,Yes
3/6/2021 18:17:35,Ewan,Yes
3/6/2021 19:01:01,Sam J,Yes
3/6/2021 19:02:35,Darnell,Yes
3/6/2021 19:11:23,Stirling,Yes
3/6/2021 21:19:05,Sam H,Yes
3/7/2021 0:22:24,Matthew,Yes
3/7/2021 8:00:55,Watson,Yes
3/7/2021 8:11:58,Sam J,Yes
3/7/2021 14:28:44,Darnell,Yes
3/7/2021 14:28:51,Darnell,Yes
3/7/2021 15:34:46,Sam J,Yes
3/7/2021 17:32:35,Keith,Yes
3/7/2021 20:03:49,Ewan,Yes
3/7/2021 20:04:35,Matthew,Yes
3/7/2021 20:53:51,Sam H,Yes
3/7/2021 21:25:55,Rusty,Yes
3/8/2021 1:11:06,Buskie,Yes
3/8/2021 10:39:32,Watson,Yes
3/8/2021 13:15:18,Sam J,Yes
3/8/2021 16:58:15,Sam H,Yes
3/8/2021 19:44:02,Keith,Yes
3/8/2021 21:26:42,Ewan,Yes
3/8/2021 21:34:34,Stirling,Yes
3/8/2021 21:50:02,Rusty,Yes
3/8/2021 22:12:55,Matthew,Yes
3/9/2021 11:46:37,Watson,Yes
3/9/2021 19:41:51,Sam H,Yes
3/9/2021 20:38:04,Rusty,Yes
3/9/2021 21:31:10,Ewan,Yes
3/9/2021 21:40:01,Matthew,Yes
3/9/2021 23:48:56,Keith,Yes
3/10/2021 11:48:26,Watson,Yes
3/10/2021 19:50:59,Sam H,Yes
3/10/2021 20:52:54,Ewan,Yes
3/10/2021 21:34:35,Rusty,Yes
3/10/2021 21:57:19,Keith,Yes
3/10/2021 22:49:43,Matthew,Yes
3/11/2021 9:43:01,Watson,Yes
3/11/2021 18:07:35,Keith,Yes
3/11/2021 19:35:14,Ewan,Yes
3/11/2021 19:37:22,Sam H,Yes
3/11/2021 19:37:48,Darnell,Yes
3/11/2021 20:25:02,Matthew,Yes
3/11/2021 22:26:52,Rusty,Yes
3/12/2021 2:11:54,Buskie,Yes
3/12/2021 11:07:01,Watson,Yes
3/12/2021 18:45:27,Sam J,Yes
3/12/2021 18:45:30,Ewan,Yes
3/12/2021 20:54:37,Rusty,Yes
3/12/2021 23:21:38,Sam H,Yes
3/12/2021 23:21:49,Matthew,Yes
3/12/2021 23:42:44,Keith,Yes
3/13/2021 12:43:47,Rusty,Yes
3/13/2021 13:09:32,Watson,Yes
3/13/2021 16:14:44,Keith,Yes
3/13/2021 18:45:27,Ewan,Yes
3/13/2021 18:45:40,Ewan,Yes
3/13/2021 20:33:48,Darnell,Yes
3/13/2021 21:34:07,Matthew,Yes
3/13/2021 22:23:05,Sam J,Yes
3/13/2021 22:42:43,Sam H,Yes
3/14/2021 11:38:51,Watson,Yes
3/14/2021 12:28:20,Rusty,Yes
3/14/2021 12:37:54,Sam J,Yes
3/14/2021 16:42:30,Sam J,Yes
3/14/2021 19:51:34,Sam H,Yes
3/14/2021 20:28:41,Ewan,Yes
3/14/2021 22:07:29,Matthew,Yes
3/14/2021 22:36:19,Buskie,Yes
3/14/2021 22:46:06,Keith,Yes
3/15/2021 12:01:05,Watson,Yes
3/15/2021 19:04:48,Sam H,Yes
3/15/2021 19:34:57,Keith,Yes
3/15/2021 20:02:56,Rusty,Yes
3/15/2021 22:49:10,Ewan,Yes
3/15/2021 22:49:19,Matthew,Yes
3/16/2021 1:20:32,Buskie,Yes
3/16/2021 11:38:57,Watson,Yes
3/16/2021 19:27:55,Sam J,Yes
3/16/2021 20:01:07,Stirling,Yes
3/16/2021 20:24:28,Sam H,Yes
3/16/2021 21:31:44,Ewan,Yes
3/16/2021 22:43:12,Matthew,Yes
3/16/2021 22:43:21,Keith,Yes
3/16/2021 23:52:47,Rusty,Yes
3/17/2021 10:26:56,Watson,Yes
3/17/2021 12:52:54,Sam H,Yes
3/17/2021 15:45:46,Keith,Yes
3/17/2021 19:30:50,Stirling,Yes
3/17/2021 21:36:17,Matthew,Yes
3/17/2021 21:36:42,Ewan,Yes
3/17/2021 23:27:13,Rusty,Yes
3/18/2021 0:05:45,Darnell,Yes
3/18/2021 5:16:54,Buskie,Yes
3/18/2021 12:20:33,Watson,Yes
3/18/2021 15:37:59,Keith,Yes
3/18/2021 17:54:45,Ewan,Yes
3/18/2021 18:14:40,Sam H,Yes
3/18/2021 19:39:40,Matthew,Yes
3/18/2021 19:45:02,Ewan,Yes
3/18/2021 19:49:09,Stirling,Yes
3/19/2021 0:13:35,Rusty,Yes
3/19/2021 0:26:38,Buskie,Yes
3/19/2021 10:53:17,Watson,Yes
3/19/2021 16:17:43,Keith,Yes
3/19/2021 17:54:26,Sam J,Yes
3/19/2021 18:01:32,Sam H,Yes
3/19/2021 18:55:22,Darnell,Yes
3/19/2021 20:25:12,Rusty,Yes
3/19/2021 22:37:09,Ewan,Yes
3/19/2021 23:46:21,Matthew,Yes
3/20/2021 8:16:27,Sam J,Yes
3/20/2021 8:16:27,Sam J,Yes
3/20/2021 13:07:13,Watson,Yes
3/20/2021 18:55:22,Rusty,Yes
3/20/2021 21:14:44,Keith,Yes
3/20/2021 21:59:54,Sam H,Yes
3/20/2021 22:25:46,Matthew,Yes
3/20/2021 22:35:23,Ewan,Yes
3/21/2021 2:08:37,Buskie,Yes
3/21/2021 15:56:45,Matthew,Yes
3/21/2021 18:21:11,Ewan,Yes
3/21/2021 18:24:00,Sam J,Yes
3/21/2021 18:33:59,Rusty,Yes
3/21/2021 18:47:05,Stirling,Yes
3/21/2021 19:21:05,Buskie,Yes
3/21/2021 20:14:11,Sam H,Yes
3/21/2021 22:35:12,Keith,Yes
3/22/2021 10:39:53,Watson,Yes
3/22/2021 17:45:43,Buskie,Yes
3/22/2021 18:18:45,Sam H,Yes
3/22/2021 18:47:12,Keith,Yes
3/22/2021 20:43:47,Ewan,Yes
3/22/2021 21:40:49,Matthew,Yes
3/22/2021 22:26:57,Rusty,Yes
3/23/2021 12:44:42,Watson,Yes
3/23/2021 15:52:38,Keith,Yes
3/23/2021 17:56:30,Ewan,Yes
3/23/2021 20:18:18,Stirling,Yes
3/23/2021 20:19:37,Ewan,Yes
3/23/2021 20:24:08,Sam H,Yes
3/23/2021 21:24:24,Rusty,Yes
3/23/2021 22:57:49,Matthew,Yes
3/24/2021 11:09:01,Watson,Yes
3/24/2021 18:43:21,Ewan,Yes
3/24/2021 18:43:32,Darnell,Yes
3/24/2021 20:11:21,Stirling,Yes
3/24/2021 20:52:22,Stirling,Yes
3/24/2021 21:23:58,Sam H,Yes
3/24/2021 21:31:40,Rusty,Yes
3/24/2021 23:16:07,Matthew,Yes
3/24/2021 23:29:21,Keith,Yes
3/25/2021 11:14:29,Watson,Yes
3/25/2021 14:24:52,Ewan,Yes
3/25/2021 17:45:40,Keith,Yes
3/25/2021 20:07:28,Ewan,Yes
3/25/2021 20:16:19,Sam H,Yes
3/25/2021 20:38:32,Rusty,Yes
3/25/2021 23:13:20,Matthew,Yes
3/26/2021 4:33:31,Buskie,Yes
3/26/2021 10:59:14,Watson,Yes
3/26/2021 20:30:26,Ewan,Yes
3/26/2021 20:32:07,Rusty,Yes
3/26/2021 20:40:36,Keith,Yes
3/26/2021 20:54:57,Sam H,Yes
3/26/2021 22:23:17,Matthew,Yes
3/27/2021 11:14:56,Watson,Yes
3/27/2021 13:13:48,Sam J,Yes
3/27/2021 17:48:24,Ewan,Yes
3/27/2021 17:58:51,Sam H,Yes
3/27/2021 17:58:54,Sam H,Yes
3/27/2021 19:04:02,Keith,Yes
3/27/2021 21:14:02,Rusty,Yes
3/27/2021 22:32:36,Matthew,Yes
3/28/2021 5:35:14,Buskie,Yes
3/28/2021 13:46:48,Watson,Yes
3/28/2021 17:28:19,Keith,Yes
3/28/2021 18:07:30,Rusty,Yes
3/28/2021 18:46:08,Ewan,Yes
3/28/2021 18:46:18,Ewan,Yes
3/28/2021 18:46:23,Ewan,Yes
3/28/2021 18:46:28,Ewan,Yes
3/28/2021 19:34:32,Matthew,Yes
3/28/2021 20:44:26,Sam J,Yes
3/28/2021 20:44:31,Sam J,Yes
3/29/2021 4:08:54,Buskie,Yes
3/29/2021 13:19:56,Watson,Yes
3/29/2021 18:31:30,Keith,Yes
3/29/2021 19:34:14,Ewan,Yes
3/29/2021 20:05:11,Sam H,Yes
3/29/2021 20:15:20,Stirling,Yes
3/29/2021 22:23:39,Rusty,Yes
3/29/2021 23:18:21,Ewan,Yes
3/29/2021 23:52:41,Matthew,Yes
3/30/2021 0:01:08,Buskie,Yes
3/30/2021 14:22:47,Watson,Yes
3/30/2021 19:32:48,Matthew,Yes
3/30/2021 20:24:35,Keith,Yes
3/30/2021 21:04:30,Sam H,Yes
3/30/2021 21:05:35,Ewan,Yes
3/30/2021 21:58:41,Rusty,Yes
3/31/2021 0:38:29,Buskie,Yes
3/31/2021 13:31:01,Watson,Yes
3/31/2021 17:30:06,Ewan,Yes
3/31/2021 19:30:23,Buskie,Yes
3/31/2021 19:55:59,Sam H,Yes
3/31/2021 20:20:09,Keith,Yes
3/31/2021 20:51:19,Ewan,Yes
3/31/2021 20:59:53,Matthew,Yes
3/31/2021 23:44:37,Rusty,Yes
4/1/2021 13:21:33,Watson,Yes
4/1/2021 16:28:07,Keith,Yes
4/1/2021 17:39:16,Sam H,Yes
4/1/2021 17:58:49,Stirling,Yes
4/1/2021 21:20:03,Rusty,Yes
4/1/2021 21:57:53,Darnell,Yes
4/1/2021 22:22:31,Ewan,Yes
4/1/2021 22:22:45,Ewan,Yes
4/1/2021 23:30:15,Matthew,Yes
4/1/2021 23:48:16,Stirling,Yes
4/1/2021 23:55:32,Buskie,Yes
4/2/2021 13:30:42,Watson,Yes
4/2/2021 15:11:14,Stirling,Yes
4/2/2021 15:48:08,Rusty,Yes
4/2/2021 15:57:48,Sam H,Yes
4/2/2021 17:46:37,Keith,Yes
4/2/2021 19:33:32,Sam J,Yes
4/2/2021 19:36:53,Stirling,Yes
4/2/2021 20:49:43,Ewan,Yes
4/2/2021 23:18:01,Matthew,Yes
4/3/2021 4:43:06,Buskie,Yes
4/3/2021 11:15:03,Watson,Yes
4/3/2021 20:14:06,Sam J,Yes
4/3/2021 20:14:29,Ewan,Yes
4/3/2021 20:34:56,Sam H,Yes
4/3/2021 20:43:35,Sam J,Yes
4/3/2021 22:09:44,Rusty,Yes
4/3/2021 23:06:07,Matthew,Yes
4/3/2021 23:22:55,Keith,Yes
4/4/2021 3:14:28,Buskie,Yes
4/4/2021 13:13:16,Watson,Yes
4/4/2021 17:39:34,Keith,Yes
4/4/2021 20:14:21,Sam J,Yes
4/4/2021 20:15:27,Stirling,Yes
4/4/2021 20:19:06,Ewan,Yes
4/4/2021 20:19:13,Ewan,Yes
4/4/2021 20:19:13,Ewan,Yes
4/4/2021 20:20:44,Rusty,Yes
4/4/2021 20:30:23,Sam H,Yes
4/4/2021 22:10:26,Matthew,Yes
4/5/2021 2:27:23,Buskie,Yes
4/5/2021 12:08:05,Watson,Yes
4/5/2021 19:40:26,Keith,Yes
4/5/2021 21:16:27,Ewan,Yes
4/5/2021 21:16:33,Ewan,Yes
4/5/2021 21:16:53,Rusty,Yes
4/5/2021 21:32:09,Sam H,Yes
4/6/2021 2:50:42,Buskie,Yes
4/6/2021 12:38:15,Watson,Yes
4/6/2021 17:49:46,Keith,Yes
4/6/2021 19:47:11,Sam H,Yes
4/6/2021 20:12:18,Ewan,Yes
4/6/2021 20:14:23,Stirling,Yes
4/6/2021 22:00:22,Rusty,Yes
4/6/2021 23:09:48,Matthew,Yes
4/7/2021 12:53:52,Watson,Yes
4/7/2021 17:48:51,Keith,Yes
4/7/2021 18:59:20,Rusty,Yes
4/7/2021 21:50:35,Sam H,Yes
4/7/2021 22:59:53,Matthew,Yes
4/7/2021 23:03:39,Ewan,Yes
4/8/2021 13:47:30,Watson,Yes
4/8/2021 20:31:17,Rusty,Yes
4/8/2021 21:53:53,Sam H,Yes
4/8/2021 22:30:10,Ewan,Yes
4/8/2021 22:33:10,Stirling,Yes
4/8/2021 22:55:14,Matthew,Yes
4/8/2021 23:14:31,Sam J,Yes
4/9/2021 13:47:20,Watson,Yes
4/9/2021 19:20:42,Rusty,Yes
4/9/2021 19:57:51,Ewan,Yes
4/9/2021 19:57:59,Ewan,Yes
4/9/2021 19:58:00,Ewan,Yes
4/9/2021 19:58:00,Ewan,Yes
4/9/2021 20:11:52,Stirling,Yes
4/9/2021 20:37:41,Sam H,Yes
4/9/2021 22:58:00,Matthew,Yes
4/10/2021 12:52:18,Watson,Yes
4/10/2021 22:04:50,Sam H,Yes
4/10/2021 22:08:15,Sam J,Yes
4/10/2021 22:08:29,Ewan,Yes
4/10/2021 23:35:09,Buskie,Yes
4/11/2021 0:11:57,Matthew,Yes
4/11/2021 9:39:02,Sam J,Yes
4/11/2021 10:46:47,Sam H,Yes
4/11/2021 14:09:16,Watson,Yes
4/11/2021 15:48:44,Sam J,Yes
4/11/2021 16:55:17,Buskie,Yes
4/11/2021 21:25:13,Matthew,Yes
4/11/2021 21:26:26,Ewan,Yes
4/12/2021 13:09:24,Watson,Yes
4/12/2021 16:37:35,Keith,Yes
4/12/2021 20:51:19,Sam H,Yes
4/12/2021 23:11:19,Ewan,Yes
4/12/2021 23:14:26,Stirling,Yes
4/12/2021 23:37:33,Matthew,Yes
4/13/2021 4:52:03,Buskie,Yes
4/13/2021 13:11:39,Watson,Yes
4/13/2021 15:32:15,Rusty,Yes
4/13/2021 19:53:06,Keith,Yes
4/13/2021 22:16:37,Ewan,Yes
4/13/2021 22:16:43,Ewan,Yes
4/13/2021 22:16:43,Ewan,Yes
4/13/2021 22:16:45,Ewan,Yes
4/13/2021 22:17:04,Matthew,Yes
4/14/2021 13:57:39,Watson,Yes
4/14/2021 18:29:48,Rusty,Yes
4/14/2021 20:52:46,Sam H,Yes
4/14/2021 22:04:37,Ewan,Yes
4/14/2021 22:04:38,Matthew,Yes
4/14/2021 23:50:49,Keith,Yes
4/15/2021 13:27:11,Sam H,Yes
4/15/2021 14:30:15,Watson,Yes
4/15/2021 15:40:31,Keith,Yes
4/15/2021 19:36:20,Sam J,Yes
4/15/2021 19:47:15,Darnell,Yes
4/15/2021 20:23:02,Stirling,Yes
4/15/2021 20:51:04,Rusty,Yes
4/15/2021 22:01:34,Sam J,Yes
4/15/2021 22:16:26,Ewan,Yes
4/15/2021 22:55:28,Matthew,Yes
4/16/2021 13:08:42,Watson,Yes
4/16/2021 19:37:01,Rusty,Yes
4/16/2021 19:44:49,Keith,Yes
4/16/2021 21:20:20,Sam H,Yes
4/16/2021 22:24:22,Matthew,Yes
4/16/2021 22:25:31,Ewan,Yes
4/16/2021 23:03:07,Ewan,Yes
4/16/2021 23:17:05,Stirling,Yes
4/17/2021 7:32:40,Stirling,Yes
4/17/2021 12:02:54,Watson,Yes
4/17/2021 14:05:39,Stirling,Yes
4/17/2021 17:20:32,Keith,Yes
4/17/2021 17:54:04,Rusty,Yes
4/17/2021 18:39:41,Stirling,Yes
4/17/2021 19:45:10,Darnell,Yes
4/17/2021 20:01:28,Sam H,Yes
4/17/2021 21:34:22,Ewan,Yes
4/17/2021 21:55:37,Darnell,Yes
4/17/2021 22:31:59,Darnell,Yes
4/17/2021 22:56:27,Matthew,Yes
4/17/2021 23:17:44,Stirling,Yes
4/18/2021 4:00:15,Buskie,Yes
4/18/2021 13:31:25,Watson,Yes
4/18/2021 18:54:21,Matthew,Yes
4/18/2021 19:07:51,Rusty,Yes
4/18/2021 21:19:22,Ewan,Yes
4/18/2021 21:19:33,Ewan,Yes
4/18/2021 21:19:39,Ewan,Yes
4/18/2021 21:19:45,Ewan,Yes
4/18/2021 21:39:37,Sam H,Yes
4/19/2021 3:35:49,Buskie,Yes
4/19/2021 12:53:56,Watson,Yes
4/19/2021 14:09:26,Sam H,Yes
4/19/2021 17:16:20,Keith,Yes
4/19/2021 20:41:01,Rusty,Yes
4/19/2021 21:27:23,Stirling,Yes
4/19/2021 21:57:47,Matthew,Yes
4/19/2021 22:15:37,Ewan,Yes
4/20/2021 2:33:27,Buskie,Yes
4/20/2021 12:43:04,Watson,Yes
4/20/2021 16:27:58,Keith,Yes
4/20/2021 17:59:15,Sam H,Yes
4/20/2021 21:07:41,Rusty,Yes
4/20/2021 21:09:50,Ewan,Yes
4/20/2021 21:17:11,Matthew,Yes
4/21/2021 2:09:18,Buskie,Yes
4/21/2021 15:08:27,Watson,Yes
4/21/2021 17:22:03,Keith,Yes
4/21/2021 18:10:58,Sam H,Yes
4/21/2021 20:26:27,Rusty,Yes
4/21/2021 21:18:10,Ewan,Yes
4/21/2021 22:23:54,Matthew,Yes
4/22/2021 4:53:13,Buskie,Yes
4/22/2021 15:44:41,Watson,Yes
4/22/2021 16:25:25,Keith,Yes
4/22/2021 18:17:59,Sam J,Yes
4/22/2021 19:53:44,Sam H,Yes
4/22/2021 19:59:12,Rusty,Yes
4/22/2021 22:06:03,Ewan,Yes
4/22/2021 23:59:34,Stirling,Yes
4/23/2021 0:05:52,Darnell,Yes
4/23/2021 4:10:27,Buskie,Yes
4/23/2021 13:22:30,Sam J,Yes
4/23/2021 14:33:17,Watson,Yes
4/23/2021 17:28:41,Sam H,Yes
4/23/2021 20:01:38,Rusty,Yes
4/23/2021 23:00:17,Matthew,Yes
4/23/2021 23:18:59,Ewan,Yes
4/24/2021 13:15:00,Watson,Yes
4/24/2021 17:23:16,Sam H,Yes
4/24/2021 17:40:29,Sam J,Yes
4/24/2021 21:15:32,Ewan,Yes
4/24/2021 21:15:38,Ewan,Yes
4/24/2021 21:15:40,Ewan,Yes
4/25/2021 0:38:00,Buskie,Yes
4/25/2021 13:17:15,Watson,Yes
4/25/2021 18:17:05,Sam H,Yes
4/25/2021 20:18:21,Ewan,Yes
4/25/2021 20:44:17,Sam J,Yes
4/25/2021 20:44:27,Sam J,Yes
4/25/2021 21:59:41,Rusty,Yes
4/25/2021 22:06:58,Matthew,Yes
4/26/2021 2:26:31,Buskie,Yes
4/26/2021 10:52:44,Sam J,Yes
4/26/2021 11:33:00,Sam J,Yes
4/26/2021 13:56:51,Watson,Yes
4/26/2021 15:32:20,Keith,Yes
4/26/2021 18:27:53,Sam H,Yes
4/26/2021 19:36:20,Stirling,Yes
4/26/2021 21:48:19,Matthew,Yes
4/26/2021 22:09:55,Ewan,Yes
4/26/2021 23:51:57,Rusty,Yes
4/27/2021 0:15:31,Buskie,Yes
4/27/2021 14:45:58,Watson,Yes
4/27/2021 21:57:36,Sam H,Yes
4/27/2021 22:40:42,Matthew,Yes
4/27/2021 23:01:08,Rusty,Yes
4/27/2021 23:04:53,Ewan,Yes
4/27/2021 23:33:58,Keith,Yes
4/28/2021 13:59:43,Watson,Yes
4/28/2021 17:05:20,Keith,Yes
4/28/2021 20:23:47,Ewan,Yes
4/28/2021 21:16:39,Sam H,Yes
4/28/2021 21:29:54,Rusty,Yes
4/29/2021 5:27:07,Buskie,Yes
4/29/2021 21:04:56,Keith,Yes
4/29/2021 22:40:53,Rusty,Yes
4/29/2021 22:51:04,Matthew,Yes
4/29/2021 23:41:18,Ewan,Yes
4/30/2021 8:19:40,Stirling,Yes
4/30/2021 8:19:40,Stirling,Yes
4/30/2021 8:19:44,Stirling,Yes
4/30/2021 8:19:45,Stirling,Yes
4/30/2021 8:19:49,Stirling,Yes
4/30/2021 14:17:24,Rusty,Yes
4/30/2021 15:14:37,Watson,Yes
